protocol,seed,held_out,group,count,mean,std,median,q25,q75,min,max,entropy_source
loso,1337,1-1,known_correct,16800,0.7527974453843522,0.6186974167998249,0.3178202262417682,0.28210058507989305,1.6888579017741494,0.0021050813723352793,1.8359286513149569,probabilities
loso,1337,1-1,known_incorrect,3208,1.570105980549797,0.43382197065554395,1.6742860127418968,1.6742718687131173,1.782336761590968,0.013612677070958795,1.861947921519156,probabilities
loso,1337,1-1,absent_from_train,0,NOT_AVAILABLE,NOT_AVAILABLE,NOT_AVAILABLE,NOT_AVAILABLE,NOT_AVAILABLE,NOT_AVAILABLE,NOT_AVAILABLE,probabilities
loso,1337,1-1,benign,10000,0.41988346641062907,0.4258300790931268,0.28210058507989305,0.28210058507989305,0.3178202262417682,0.0021050813723352793,1.861947921519156,probabilities
loso,1337,1-1,malicious,10008,1.3474282977572514,0.5210563216438069,1.6742984824889358,0.681541469594819,1.782336761590968,0.013612677070958795,1.8618950683669881,probabilities
loso,1337,3-1,known_correct,18687,0.14051977564434368,0.21202700884393058,0.027246315954118343,0.003655117386301602,0.1792733698596318,0.00017606333484270877,1.5723239057863403,probabilities
loso,1337,3-1,known_incorrect,1819,0.45463325720361303,0.18774261404118248,0.3637766105369997,0.36371968860521936,0.5921464255338216,0.0036226906183602376,1.536496820605922,probabilities
loso,1337,3-1,absent_from_train,0,NOT_AVAILABLE,NOT_AVAILABLE,NOT_AVAILABLE,NOT_AVAILABLE,NOT_AVAILABLE,NOT_AVAILABLE,NOT_AVAILABLE,probabilities
loso,1337,3-1,benign,4536,0.09569521507090245,0.1718506145954526,0.0630555380502165,0.025479844502715905,0.06524776570870008,0.00017606333484270877,1.5723239057863403,probabilities
loso,1337,3-1,malicious,15970,0.1890292703041709,0.23779132066471503,0.027246315954118343,0.003686975131337974,0.5063427329277398,0.0013698885673767967,1.4711127456108408,probabilities
loso,1337,34-1,known_correct,1935,0.033426600313033884,0.11959227879590968,0.00020401719480569878,0.00011095372720808323,0.006162494572104083,2.5383145040712558e-05,0.7043788826003774,probabilities
loso,1337,34-1,known_incorrect,6816,0.5043177323519741,0.048634817703297716,0.4975912266681096,0.4975912266681096,0.5262277829740747,0.016616666757873856,0.7936791194067696,probabilities
loso,1337,34-1,absent_from_train,10000,0.0008106187139699159,0.0014644694367178708,0.0006699733295478859,0.0006699733295478859,0.0006699733295478859,0.0003949405497488174,0.024676416019451336,probabilities
loso,1337,34-1,benign,1923,0.01860049336791654,0.08200965785234338,0.00020401719480569878,0.00011095368097241524,0.006162494572104083,2.5383145040712558e-05,0.7043788826003774,probabilities
loso,1337,34-1,malicious,16828,0.2064682418415719,0.24962323328717367,0.0006699733295478859,0.0006699733295478859,0.4975912266681096,0.0003949405497488174,0.7936791194067696,probabilities
loso,1337,36-1,known_correct,2663,0.0011071205778632987,0.015882791034726104,5.325463635204353e-05,4.9418865374929735e-05,0.00011402525703748748,3.495604562407484e-05,0.6961975736892518,probabilities
loso,1337,36-1,known_incorrect,0,NOT_AVAILABLE,NOT_AVAILABLE,NOT_AVAILABLE,NOT_AVAILABLE,NOT_AVAILABLE,NOT_AVAILABLE,NOT_AVAILABLE,probabilities
loso,1337,36-1,absent_from_train,20003,0.5116487986183206,0.20657275362617125,0.3052089344686205,0.3052089344686205,0.7100322385576245,0.0824609961184076,0.7264297794114153,probabilities
loso,1337,36-1,benign,2663,0.0011071205778632987,0.015882791034726104,5.325463635204353e-05,4.9418865374929735e-05,0.00011402525703748748,3.495604562407484e-05,0.6961975736892518,probabilities
loso,1337,36-1,malicious,20003,0.5116487986183206,0.20657275362617125,0.3052089344686205,0.3052089344686205,0.7100322385576245,0.0824609961184076,0.7264297794114153,probabilities
loso,1337,39-1,known_correct,17559,0.035733527633278986,0.10615767039393385,0.020532410773256835,0.020532410773256835,0.020532410773256835,2.972001232849408e-18,1.1949150901567713,probabilities
loso,1337,39-1,known_incorrect,1985,0.6726355965475416,0.4472467479674543,0.47568192520917824,0.3000763080241431,1.1006441750003482,1.9412957621742205e-17,1.39843649612334,probabilities
loso,1337,39-1,absent_from_train,0,NOT_AVAILABLE,NOT_AVAILABLE,NOT_AVAILABLE,NOT_AVAILABLE,NOT_AVAILABLE,NOT_AVAILABLE,NOT_AVAILABLE,probabilities
loso,1337,39-1,benign,7337,0.09287609817527352,0.23213693080784525,0.032054553195499255,0.0014786380862450896,0.05958411333056871,2.972001232849408e-18,1.1609354336691788,probabilities
loso,1337,39-1,malicious,12207,0.10495574166852083,0.27487572743097183,0.020532410773256835,0.020532410773256835,0.020532410773256835,1.9412957621742205e-17,1.39843649612334,probabilities
loso,1337,9-1,known_correct,19849,0.03395814428475748,0.06413011576631819,0.0308794407997728,0.012879213805741046,0.0308794407997728,3.9175470311861684e-05,1.3523296834230014,probabilities
loso,1337,9-1,known_incorrect,151,0.9189376082943971,0.24978993081154358,0.9843827019372555,0.7318526874888377,1.0906123712597156,0.028110208228676915,1.3715693032586795,probabilities
loso,1337,9-1,absent_from_train,0,NOT_AVAILABLE,NOT_AVAILABLE,NOT_AVAILABLE,NOT_AVAILABLE,NOT_AVAILABLE,NOT_AVAILABLE,NOT_AVAILABLE,probabilities
loso,1337,9-1,benign,10000,0.04983354182616543,0.14370758072967915,0.013179923357972093,0.002411867590262947,0.03290301264694824,3.9175470311861684e-05,1.3715693032586795,probabilities
loso,1337,9-1,malicious,10000,0.0314459366498951,0.004620307831625701,0.0308794407997728,0.0308794407997728,0.0308794407997728,0.028110208228676915,0.11050829550670022,probabilities
pooled,1337,ALL,known_correct,23937,0.046794683714924575,0.08520253510939874,0.005795570445447868,0.0011449952902830038,0.02302463708545787,1.6748099338599534e-07,1.393561783579944,probabilities
pooled,1337,ALL,known_incorrect,364,0.42730672751038995,0.4111632655433873,0.2525657736960887,0.1540777118407858,0.7475744328071613,1.1696604513261417e-05,1.4874333397915245,probabilities
pooled,1337,ALL,absent_from_train,0,NOT_AVAILABLE,NOT_AVAILABLE,NOT_AVAILABLE,NOT_AVAILABLE,NOT_AVAILABLE,NOT_AVAILABLE,NOT_AVAILABLE,probabilities
pooled,1337,ALL,benign,7294,0.020902282337348463,0.08302527646795034,9.557292891904051e-05,1.1696604513261417e-05,0.00600380354279032,1.6748099338599534e-07,1.4874333397915245,probabilities
pooled,1337,ALL,malicious,17007,0.06604355533188169,0.11541377713601489,0.006215679347807677,0.0024257997498768847,0.1540777118407858,1.1696604513261417e-05,1.393561783579944,probabilities
loso,2026,1-1,known_correct,9519,1.3739599220315561,0.37003742830005915,1.5295880569523512,1.094664950368991,1.5295880569523512,0.23733231377675507,1.9180257027548917,probabilities
loso,2026,1-1,known_incorrect,10489,1.7650079477785963,0.1746529355462472,1.7627107817530887,1.7627107817530887,1.8708205696238545,0.3767616460147096,1.9618630043314782,probabilities
loso,2026,1-1,absent_from_train,0,NOT_AVAILABLE,NOT_AVAILABLE,NOT_AVAILABLE,NOT_AVAILABLE,NOT_AVAILABLE,NOT_AVAILABLE,NOT_AVAILABLE,probabilities
loso,2026,1-1,benign,10000,1.6568657292940727,0.3385315574744153,1.7627107817530887,1.7627107817530887,1.7627107817530887,0.23733231377675507,1.9383212294071055,probabilities
loso,2026,1-1,malicious,10008,1.5011226587857065,0.33439641506911694,1.5295880569523512,1.094664950368991,1.8708204682892478,0.3767616460147096,1.9618630043314782,probabilities
loso,2026,3-1,known_correct,20263,0.400927676487828,0.38779029798680587,0.14564110363279303,0.08541862280866869,0.9024516981639931,0.008837306168523807,1.8126777130862928,probabilities
loso,2026,3-1,known_incorrect,243,0.6149405144403769,0.40015828183800356,0.5776395741119811,0.21947933297911343,1.0274744680600612,0.06824407687543918,1.6948536697008232,probabilities
loso,2026,3-1,absent_from_train,0,NOT_AVAILABLE,NOT_AVAILABLE,NOT_AVAILABLE,NOT_AVAILABLE,NOT_AVAILABLE,NOT_AVAILABLE,NOT_AVAILABLE,probabilities
loso,2026,3-1,benign,4536,0.3389607706376253,0.23744984383777282,0.4415303187685544,0.17611540341249957,0.45255974053070624,0.008837306168523807,1.8126777130862928,probabilities
loso,2026,3-1,malicious,15970,0.42178472123165955,0.4199995116785332,0.14564110363279303,0.08280029307817964,0.9026934297502776,0.03215253176899906,1.6948536697008232,probabilities
loso,2026,34-1,known_correct,3525,0.4690668334219342,0.48964490054397414,0.013649148649746225,0.0015777577592018248,1.0078113216977,9.23491553449703e-05,1.243560338868229,probabilities
loso,2026,34-1,known_incorrect,5226,0.9789259058696818,0.09948940297961614,0.992341307367975,0.9878661190433459,0.992607588909029,0.0035234231045055244,1.1345608097941633,probabilities
loso,2026,34-1,absent_from_train,10000,0.004664208890105633,0.009087865023412032,0.004303359543965951,0.004303359543965951,0.004303359543965951,0.002847228545085096,0.7278785922728417,probabilities
loso,2026,34-1,benign,1923,0.02621016942111006,0.11736846722584039,0.0015778724544659557,0.0001047720856299379,0.009196162482168195,9.23491553449703e-05,0.9120932665400929,probabilities
loso,2026,34-1,malicious,16828,0.4020422691342724,0.4834853073087775,0.004303359543965951,0.004303359543965951,0.9878661190433459,0.002847228545085096,1.243560338868229,probabilities
loso,2026,36-1,known_correct,2663,0.0012169121218930793,0.016412467058547094,0.000161155377641982,0.00011814312701070867,0.00019490458364117668,4.983918901429093e-05,0.669153809450751,probabilities
loso,2026,36-1,known_incorrect,0,NOT_AVAILABLE,NOT_AVAILABLE,NOT_AVAILABLE,NOT_AVAILABLE,NOT_AVAILABLE,NOT_AVAILABLE,NOT_AVAILABLE,probabilities
loso,2026,36-1,absent_from_train,20003,0.3947210266141478,0.22273096250048743,0.17308434951600402,0.17308434951600402,0.5855424246073679,0.08350812444864672,0.6636303148618679,probabilities
loso,2026,36-1,benign,2663,0.0012169121218930793,0.016412467058547094,0.000161155377641982,0.00011814312701070867,0.00019490458364117668,4.983918901429093e-05,0.669153809450751,probabilities
loso,2026,36-1,malicious,20003,0.3947210266141478,0.22273096250048743,0.17308434951600402,0.17308434951600402,0.5855424246073679,0.08350812444864672,0.6636303148618679,probabilities
loso,2026,39-1,known_correct,17489,0.2591380275278788,0.1647638159973311,0.30526813949910153,0.12708516443182127,0.30526813949910153,5.269857955145395e-12,1.7782689669765164,probabilities
loso,2026,39-1,known_incorrect,2055,1.1558359645691778,0.4843184146930418,1.079739784100132,0.7937521641933063,1.7214742572920594,1.8747313738619925e-10,1.8342743313002718,probabilities
loso,2026,39-1,absent_from_train,0,NOT_AVAILABLE,NOT_AVAILABLE,NOT_AVAILABLE,NOT_AVAILABLE,NOT_AVAILABLE,NOT_AVAILABLE,NOT_AVAILABLE,probabilities
loso,2026,39-1,benign,7337,0.2621364872327845,0.3331122783586306,0.12698391550704446,0.025699530105274135,0.4237337100224437,5.269857955145395e-12,1.834029101347919,probabilities
loso,2026,39-1,malicious,12207,0.40829134626016167,0.3532654664972967,0.30526813949910153,0.30526813949910153,0.30526813949910153,1.8747313738619925e-10,1.8342743313002718,probabilities
loso,2026,9-1,known_correct,16491,0.982082670567308,0.3069305689041262,0.9389420046130816,0.9389420046130816,0.9910210301851121,0.16701574052054283,1.9354069280703141,probabilities
loso,2026,9-1,known_incorrect,3509,1.5646495224433796,0.22448386096522063,1.6216993379501632,1.5689546810236588,1.6457840764591862,0.25569650992225057,1.9313157436106319,probabilities
loso,2026,9-1,absent_from_train,0,NOT_AVAILABLE,NOT_AVAILABLE,NOT_AVAILABLE,NOT_AVAILABLE,NOT_AVAILABLE,NOT_AVAILABLE,NOT_AVAILABLE,probabilities
loso,2026,9-1,benign,10000,1.2254355328493185,0.479743325223889,1.4185769746528705,0.9719643720416586,1.629390688111261,0.16701574052054283,1.9354069280703141,probabilities
loso,2026,9-1,malicious,10000,0.9431525166086109,0.0351951657816125,0.9389420046130816,0.9389420046130816,0.9389420046130816,0.9389420046130816,1.7232296308345452,probabilities
pooled,2026,ALL,known_correct,23912,0.06737394380257002,0.12728590653672722,0.008435419599337309,0.00030963986760661996,0.034796837115903256,5.400236884740712e-06,1.320793563554314,probabilities
pooled,2026,ALL,known_incorrect,389,0.4545846704164313,0.3191459912889835,0.35523215961655696,0.24255410536279604,0.7478182411158397,9.420772630275504e-05,1.5747321634663416,probabilities
pooled,2026,ALL,absent_from_train,0,NOT_AVAILABLE,NOT_AVAILABLE,NOT_AVAILABLE,NOT_AVAILABLE,NOT_AVAILABLE,NOT_AVAILABLE,NOT_AVAILABLE,probabilities
pooled,2026,ALL,benign,7286,0.03753784454489468,0.14960323476003287,0.0002785822881959264,9.420772630275504e-05,0.014449616588221512,5.400236884740712e-06,1.320793563554314,probabilities
pooled,2026,ALL,malicious,17015,0.08900255337319678,0.134508731399382,0.008521304768046904,0.002080183840369236,0.1786068972701369,3.332116086209644e-05,1.5747321634663416,probabilities
loso,42,1-1,known_correct,13836,0.044700326422715896,0.12212546948521222,0.0006220160664349233,0.0006220160664349233,0.012213914781190164,2.3937933495534616e-07,0.7320312580522959,probabilities
loso,42,1-1,known_incorrect,6172,0.6071787401772907,0.5768362690032353,0.158963159644789,0.158963159644789,1.357359888863236,0.00018660665933927078,1.6218804819581938,probabilities
loso,42,1-1,absent_from_train,0,NOT_AVAILABLE,NOT_AVAILABLE,NOT_AVAILABLE,NOT_AVAILABLE,NOT_AVAILABLE,NOT_AVAILABLE,NOT_AVAILABLE,probabilities
loso,42,1-1,benign,10000,0.06642665434671174,0.2569427554196886,0.0006220160664349233,0.00024780887863128456,0.0006220160664349233,2.3937933495534616e-07,1.563737631626549,probabilities
loso,42,1-1,malicious,10008,0.369875535300941,0.49875833988179363,0.158963159644789,0.012213914781190164,0.42506895493857333,0.00018660665933927078,1.6218804819581938,probabilities
loso,42,3-1,known_correct,19492,0.12605246831556585,0.2562639166857793,0.02482385770818355,0.014923899061002579,0.2417652788361344,2.8266378300879245e-06,1.466906098021354,probabilities
loso,42,3-1,known_incorrect,1014,0.9997072438629425,0.32509650119441924,1.1381745136233778,1.1381660533833804,1.138180531853478,0.012005918927684246,1.4387981809761172,probabilities
loso,42,3-1,absent_from_train,0,NOT_AVAILABLE,NOT_AVAILABLE,NOT_AVAILABLE,NOT_AVAILABLE,NOT_AVAILABLE,NOT_AVAILABLE,NOT_AVAILABLE,probabilities
loso,42,3-1,benign,4536,0.07495739009136985,0.1755066301131445,0.051320420665927916,0.022286021213359163,0.052768136075269964,6.990970769609767e-06,1.466906098021354,probabilities
loso,42,3-1,malicious,15970,0.19603701541825794,0.34776391607071705,0.02482385770818355,0.014453511016915634,0.24193154738639633,2.8266378300879245e-06,1.3648652770424001,probabilities
loso,42,34-1,known_correct,3529,0.4134300471179777,0.4463198387740327,0.006856165138991867,0.00240997446039867,0.9350669195079084,0.0004298700750503862,1.2394627516250012,probabilities
loso,42,34-1,known_incorrect,5222,1.0895044297880014,0.1178111632812205,1.1401312632688845,1.061576107349695,1.1404395136867462,0.002027911458333853,1.1485851485143255,probabilities
loso,42,34-1,absent_from_train,10000,0.004304603610996648,0.0017413887872553182,0.0042019171699045335,0.0042019171699045335,0.0042019171699045335,0.002237624060460939,0.07670825763204735,probabilities
loso,42,34-1,benign,1923,0.03015282996884174,0.15398947029800938,0.0024100687335007133,0.00043404199868303707,0.005679681509609522,0.0004298700750503862,0.9744726339552607,probabilities
loso,42,34-1,malicious,16828,0.4239035484140819,0.5174770454360714,0.0042019171699045335,0.0042019171699045335,1.061576107349695,0.002237624060460939,1.2394627516250012,probabilities
loso,42,36-1,known_correct,2662,0.04187827134425421,0.08641963635717105,0.007269505619866115,0.007171185914668226,0.010816548329984433,0.0022786939672028474,0.9569984802838202,probabilities
loso,42,36-1,known_incorrect,1,1.1926549608176367,0.0,1.1926549608176367,1.1926549608176367,1.1926549608176367,1.1926549608176367,1.1926549608176367,probabilities
loso,42,36-1,absent_from_train,20003,0.28543392271528734,0.032870722561886424,0.29449171029782417,0.29449171029782417,0.3177110757093272,0.2326579753120142,1.0925014657010954,probabilities
loso,42,36-1,benign,2663,0.04231040678904332,0.08923370279703165,0.007269505619866115,0.007171186160058688,0.010816548329984433,0.0022786939672028474,1.1926549608176367,probabilities
loso,42,36-1,malicious,20003,0.28543392271528734,0.032870722561886424,0.29449171029782417,0.29449171029782417,0.3177110757093272,0.2326579753120142,1.0925014657010954,probabilities
loso,42,39-1,known_correct,17836,0.04450744269331438,0.14142647979683426,0.013953146220958973,0.013953146220958973,0.02498242528615415,5.965633957414782e-29,1.1584946083651961,probabilities
loso,42,39-1,known_incorrect,1708,0.8733677146790315,0.26147871627102076,0.8937417566612611,0.8524213171200319,0.9242607746928158,2.1804254730517507e-22,1.4437683886066937,probabilities
loso,42,39-1,absent_from_train,0,NOT_AVAILABLE,NOT_AVAILABLE,NOT_AVAILABLE,NOT_AVAILABLE,NOT_AVAILABLE,NOT_AVAILABLE,NOT_AVAILABLE,probabilities
loso,42,39-1,benign,7337,0.08962744076777232,0.21651810605167338,0.025656926184259937,0.0009055545619357312,0.07724367700804632,5.965633957414782e-29,1.1584946083651961,probabilities
loso,42,39-1,malicious,12207,0.1333620276592607,0.31244414694216677,0.013953146220958973,0.013953146220958973,0.013953146220958973,2.1804254730517507e-22,1.4437683886066937,probabilities
loso,42,9-1,known_correct,19802,0.20031392210635204,0.18147639208248553,0.13286267085651324,0.13286267085651324,0.15522360631205628,0.004922344423992867,1.6255062681732675,probabilities
loso,42,9-1,known_incorrect,198,0.6145590964562269,0.35466110306351106,0.4624364977886978,0.33984489542074603,0.9128625843488993,0.0781690292729268,1.4679520627074452,probabilities
loso,42,9-1,absent_from_train,0,NOT_AVAILABLE,NOT_AVAILABLE,NOT_AVAILABLE,NOT_AVAILABLE,NOT_AVAILABLE,NOT_AVAILABLE,NOT_AVAILABLE,probabilities
loso,42,9-1,benign,10000,0.2736000366509189,0.24717880830331387,0.15504283659063373,0.09877475124364175,0.41466493335092636,0.004922344423992867,1.6255062681732675,probabilities
loso,42,9-1,malicious,10000,0.13522986201391282,0.019982909826378247,0.13286267085651324,0.13286267085651324,0.13286267085651324,0.13286267085651324,0.6960769048177465,probabilities
pooled,42,ALL,known_correct,23953,0.0550240802633132,0.10113186102105555,0.008453025731896468,0.0004325665909533995,0.04507030541385026,1.3601032527688711e-06,1.2068179579151324,probabilities
pooled,42,ALL,known_incorrect,348,0.4007456495021595,0.32342016604963125,0.2761839017259169,0.23546910206274943,0.5341080621790472,6.614444870195457e-06,1.3953048295487,probabilities
pooled,42,ALL,absent_from_train,0,NOT_AVAILABLE,NOT_AVAILABLE,NOT_AVAILABLE,NOT_AVAILABLE,NOT_AVAILABLE,NOT_AVAILABLE,NOT_AVAILABLE,probabilities
pooled,42,ALL,benign,7276,0.030178051459252668,0.10001011843350192,0.0002989364611271957,0.0002195370837787256,0.009701110231529902,1.3601032527688711e-06,1.262764965877559,probabilities
pooled,42,ALL,malicious,17025,0.07270929680801001,0.11882609741087123,0.011106033292554638,0.0051261736579308725,0.09486096421648453,2.793760041730542e-05,1.3953048295487,probabilities
