protocol,seed,held_out,class,precision,recall,f1,support
loso,1337,1-1,Attack,0.0,0.0,0.0,0
loso,1337,1-1,Benign,0.9831877729257642,0.9006,0.9400835073068894,10000
loso,1337,1-1,C&C,0.0,0.0,0.0,8
loso,1337,1-1,C&C-HeartBeat,0.0,0.0,0.0,0
loso,1337,1-1,DDoS,0.0,0.0,0.0,0
loso,1337,1-1,Okiru,0.0,0.0,0.0,0
loso,1337,1-1,Okiru-Attack,0.0,0.0,0.0,0
loso,1337,1-1,PartOfAHorizontalPortScan,0.9296278625954199,0.7794,0.847911227154047,10000
loso,1337,3-1,Attack,0.9716427640156454,1.0,0.9856174574309803,5962
loso,1337,3-1,Benign,0.9995362856480408,0.9503968253968254,0.9743473838851847,4536
loso,1337,3-1,C&C,0.6,0.75,0.6666666666666666,8
loso,1337,3-1,C&C-HeartBeat,0.0,0.0,0.0,0
loso,1337,3-1,DDoS,0.0,0.0,0.0,0
loso,1337,3-1,Okiru,0.0,0.0,0.0,0
loso,1337,3-1,Okiru-Attack,0.0,0.0,0.0,0
loso,1337,3-1,PartOfAHorizontalPortScan,0.9998810797954573,0.8408,0.9134662393394535,10000
loso,1337,34-1,Attack,0.0,0.0,0.0,0
loso,1337,34-1,Benign,0.1547517488483194,0.9433177327093084,0.2658849395382924,1923
loso,1337,34-1,C&C,0.0,0.0,0.0,6706
loso,1337,34-1,C&C-HeartBeat,0.0,0.0,0.0,0
loso,1337,34-1,DDoS,0.0,0.0,0.0,10000
loso,1337,34-1,Okiru,0.0,0.0,0.0,0
loso,1337,34-1,Okiru-Attack,0.0,0.0,0.0,0
loso,1337,34-1,PartOfAHorizontalPortScan,0.017241379310344827,0.9918032786885246,0.033893557422969185,122
loso,1337,36-1,Attack,0.0,0.0,0.0,0
loso,1337,36-1,Benign,0.21024790778462024,1.0,0.3474460173527301,2663
loso,1337,36-1,C&C,0.0,0.0,0.0,0
loso,1337,36-1,C&C-HeartBeat,0.0,0.0,0.0,10000
loso,1337,36-1,DDoS,0.0,0.0,0.0,0
loso,1337,36-1,Okiru,0.0,0.0,0.0,10000
loso,1337,36-1,Okiru-Attack,0.0,0.0,0.0,3
loso,1337,36-1,PartOfAHorizontalPortScan,0.0,0.0,0.0,0
loso,1337,39-1,Attack,0.32857142857142857,0.8493353028064993,0.4738360115368768,677
loso,1337,39-1,Benign,0.9572368421052632,0.9518876925173777,0.9545547734572541,7337
loso,1337,39-1,C&C,0.0,0.0,0.0,1530
loso,1337,39-1,C&C-HeartBeat,0.0,0.0,0.0,0
loso,1337,39-1,DDoS,0.0,0.0,0.0,0
loso,1337,39-1,Okiru,0.0,0.0,0.0,0
loso,1337,39-1,Okiru-Attack,0.0,0.0,0.0,0
loso,1337,39-1,PartOfAHorizontalPortScan,0.9607993850883936,1.0,0.9800078400627205,10000
loso,1337,9-1,Attack,0.0,0.0,0.0,0
loso,1337,9-1,Benign,0.9996955859969558,0.9852,0.9923948627549736,10000
loso,1337,9-1,C&C,0.0,0.0,0.0,0
loso,1337,9-1,C&C-HeartBeat,0.0,0.0,0.0,0
loso,1337,9-1,DDoS,0.0,0.0,0.0,0
loso,1337,9-1,Okiru,0.0,0.0,0.0,0
loso,1337,9-1,Okiru-Attack,0.0,0.0,0.0,0
loso,1337,9-1,PartOfAHorizontalPortScan,0.9996000399960004,0.9997,0.9996500174991251,10000
pooled,1337,ALL,Attack,0.9706959706959707,0.9977409638554217,0.9840326773115484,1328
pooled,1337,ALL,Benign,0.9935092422745873,0.9653139566767206,0.9792086781169599,7294
pooled,1337,ALL,C&C,0.9921733895243829,0.9987878787878788,0.9954696466324373,1650
pooled,1337,ALL,C&C-HeartBeat,1.0,1.0,1.0,2023
pooled,1337,ALL,DDoS,0.9865537848605578,0.9905,0.9885229540918163,2000
pooled,1337,ALL,Okiru,1.0,1.0,1.0,1977
pooled,1337,ALL,Okiru-Attack,0.2,1.0,0.3333333333333333,1
pooled,1337,ALL,PartOfAHorizontalPortScan,0.9713761467889909,0.9891629297458894,0.9801888539159415,8028
loso,2026,1-1,Attack,0.0,0.0,0.0,0
loso,2026,1-1,Benign,0.9557941269340069,0.3027,0.45978582820688085,10000
loso,2026,1-1,C&C,0.0,0.0,0.0,8
loso,2026,1-1,C&C-HeartBeat,0.0,0.0,0.0,0
loso,2026,1-1,DDoS,0.0,0.0,0.0,0
loso,2026,1-1,Okiru,0.0,0.0,0.0,0
loso,2026,1-1,Okiru-Attack,0.0,0.0,0.0,0
loso,2026,1-1,PartOfAHorizontalPortScan,0.9181162494696649,0.6492,0.7605881319196298,10000
loso,2026,3-1,Attack,0.9710097719869707,1.0,0.9852916873244092,5962
loso,2026,3-1,Benign,1.0,0.9490740740740741,0.9738717339667459,4536
loso,2026,3-1,C&C,0.0,0.0,0.0,8
loso,2026,3-1,C&C-HeartBeat,0.0,0.0,0.0,0
loso,2026,3-1,DDoS,0.0,0.0,0.0,0
loso,2026,3-1,Okiru,0.0,0.0,0.0,0
loso,2026,3-1,Okiru-Attack,0.0,0.0,0.0,0
loso,2026,3-1,PartOfAHorizontalPortScan,0.9998999699909973,0.9996,0.9997499624943742,10000
loso,2026,34-1,Attack,0.0,0.0,0.0,0
loso,2026,34-1,Benign,0.154035683942226,0.9427977119084764,0.26480683560943546,1923
loso,2026,34-1,C&C,0.9993718592964824,0.2372502236802863,0.38346589539648107,6706
loso,2026,34-1,C&C-HeartBeat,0.0,0.0,0.0,0
loso,2026,34-1,DDoS,0.0,0.0,0.0,10000
loso,2026,34-1,Okiru,0.0,0.0,0.0,0
loso,2026,34-1,Okiru-Attack,0.0,0.0,0.0,0
loso,2026,34-1,PartOfAHorizontalPortScan,0.022503254602938443,0.9918032786885246,0.044008001454809965,122
loso,2026,36-1,Attack,0.0,0.0,0.0,0
loso,2026,36-1,Benign,0.9988747186796699,1.0,0.9994370425971102,2663
loso,2026,36-1,C&C,0.0,0.0,0.0,0
loso,2026,36-1,C&C-HeartBeat,0.0,0.0,0.0,10000
loso,2026,36-1,DDoS,0.0,0.0,0.0,0
loso,2026,36-1,Okiru,0.0,0.0,0.0,10000
loso,2026,36-1,Okiru-Attack,0.0,0.0,0.0,3
loso,2026,36-1,PartOfAHorizontalPortScan,0.0,0.0,0.0,0
loso,2026,39-1,Attack,0.3225626740947075,0.8552437223042836,0.4684466019417476,677
loso,2026,39-1,Benign,0.9650837988826816,0.9418018263595475,0.9533006828999103,7337
loso,2026,39-1,C&C,0.0,0.0,0.0,1530
loso,2026,39-1,C&C-HeartBeat,0.0,0.0,0.0,0
loso,2026,39-1,DDoS,0.0,0.0,0.0,0
loso,2026,39-1,Okiru,0.0,0.0,0.0,0
loso,2026,39-1,Okiru-Attack,0.0,0.0,0.0,0
loso,2026,39-1,PartOfAHorizontalPortScan,0.9562057754828839,1.0,0.9776126698602013,10000
loso,2026,9-1,Attack,0.0,0.0,0.0,0
loso,2026,9-1,Benign,0.999845987987063,0.6492,0.7872430728187716,10000
loso,2026,9-1,C&C,0.0,0.0,0.0,0
loso,2026,9-1,C&C-HeartBeat,0.0,0.0,0.0,0
loso,2026,9-1,DDoS,0.0,0.0,0.0,0
loso,2026,9-1,Okiru,0.0,0.0,0.0,0
loso,2026,9-1,Okiru-Attack,0.0,0.0,0.0,0
loso,2026,9-1,PartOfAHorizontalPortScan,0.9998000199980002,0.9999,0.999850007499625,10000
pooled,2026,ALL,Attack,0.9443651925820257,0.9969879518072289,0.96996336996337,1328
pooled,2026,ALL,Benign,0.9955990914253265,0.962530881141916,0.9787857641311933,7286
pooled,2026,ALL,C&C,0.97397989355411,0.9981818181818182,0.9859323555821611,1650
pooled,2026,ALL,C&C-HeartBeat,1.0,1.0,1.0,2018
pooled,2026,ALL,DDoS,1.0,0.9875,0.9937106918238994,2000
pooled,2026,ALL,Okiru,1.0,1.0,1.0,1991
pooled,2026,ALL,Okiru-Attack,0.0,0.0,0.0,0
pooled,2026,ALL,PartOfAHorizontalPortScan,0.9723378212974296,0.9895366218236173,0.980861834794419,8028
loso,42,1-1,Attack,0.0,0.0,0.0,0
loso,42,1-1,Benign,0.9821155943293348,0.9006,0.9395931142410016,10000
loso,42,1-1,C&C,0.0,0.0,0.0,8
loso,42,1-1,C&C-HeartBeat,0.0,0.0,0.0,0
loso,42,1-1,DDoS,0.0,0.0,0.0,0
loso,42,1-1,Okiru,0.0,0.0,0.0,0
loso,42,1-1,Okiru-Attack,0.0,0.0,0.0,0
loso,42,1-1,PartOfAHorizontalPortScan,0.9669669669669669,0.483,0.644214738246082,10000
loso,42,3-1,Attack,0.973202614379085,0.9989936262998994,0.985929481873862,5962
loso,42,3-1,Benign,0.9986046511627907,0.9466490299823633,0.9719330013580806,4536
loso,42,3-1,C&C,0.11320754716981132,0.75,0.19672131147540983,8
loso,42,3-1,C&C-HeartBeat,0.0,0.0,0.0,0
loso,42,3-1,DDoS,0.0,0.0,0.0,0
loso,42,3-1,Okiru,0.0,0.0,0.0,0
loso,42,3-1,Okiru-Attack,0.0,0.0,0.0,0
loso,42,3-1,PartOfAHorizontalPortScan,0.9968699406368052,0.9236,0.9588372696600052,10000
loso,42,34-1,Attack,0.0,0.0,0.0,0
loso,42,34-1,Benign,0.12783810463968412,0.9427977119084764,0.22514746972989755,1923
loso,42,34-1,C&C,0.9993730407523511,0.23769758425290785,0.3840501144440429,6706
loso,42,34-1,C&C-HeartBeat,0.0,0.0,0.0,0
loso,42,34-1,DDoS,0.0,0.0,0.0,10000
loso,42,34-1,Okiru,0.0,0.0,0.0,0
loso,42,34-1,Okiru-Attack,0.0,0.0,0.0,0
loso,42,34-1,PartOfAHorizontalPortScan,0.041174485318933515,1.0,0.07909238249594813,122
loso,42,36-1,Attack,0.0,0.0,0.0,0
loso,42,36-1,Benign,0.998874296435272,0.9996244836650394,0.9992492492492493,2663
loso,42,36-1,C&C,0.0,0.0,0.0,0
loso,42,36-1,C&C-HeartBeat,0.0,0.0,0.0,10000
loso,42,36-1,DDoS,0.0,0.0,0.0,0
loso,42,36-1,Okiru,0.0,0.0,0.0,10000
loso,42,36-1,Okiru-Attack,0.0,0.0,0.0,3
loso,42,36-1,PartOfAHorizontalPortScan,0.0,0.0,0.0,0
loso,42,39-1,Attack,0.3901098901098901,0.8389955686853766,0.5325832161275199,677
loso,42,39-1,Benign,0.9587125709009365,0.9905956112852664,0.9743933503150556,7337
loso,42,39-1,C&C,0.0,0.0,0.0,1530
loso,42,39-1,C&C-HeartBeat,0.0,0.0,0.0,0
loso,42,39-1,DDoS,0.0,0.0,0.0,0
loso,42,39-1,Okiru,0.0,0.0,0.0,0
loso,42,39-1,Okiru-Attack,0.0,0.0,0.0,0
loso,42,39-1,PartOfAHorizontalPortScan,0.9566631589017507,1.0,0.9778516599031927,10000
loso,42,9-1,Attack,0.0,0.0,0.0,0
loso,42,9-1,Benign,0.9996941272430668,0.9805,0.9900040387722132,10000
loso,42,9-1,C&C,0.0,0.0,0.0,0
loso,42,9-1,C&C-HeartBeat,0.0,0.0,0.0,0
loso,42,9-1,DDoS,0.0,0.0,0.0,0
loso,42,9-1,Okiru,0.0,0.0,0.0,0
loso,42,9-1,Okiru-Attack,0.0,0.0,0.0,0
loso,42,9-1,PartOfAHorizontalPortScan,0.9996000399960004,0.9997,0.9996500174991251,10000
pooled,42,ALL,Attack,0.96996336996337,0.9969879518072289,0.9832900111399926,1328
pooled,42,ALL,Benign,0.9920959774170783,0.9660527762506872,0.9789011907248799,7276
pooled,42,ALL,C&C,0.976882039122703,0.9987878787878788,0.9877135151333533,1650
pooled,42,ALL,C&C-HeartBeat,1.0,1.0,1.0,1992
pooled,42,ALL,DDoS,0.9975024975024975,0.9985,0.9980009995002499,2000
pooled,42,ALL,Okiru,1.0,1.0,1.0,2028
pooled,42,ALL,Okiru-Attack,0.3333333333333333,1.0,0.5,1
pooled,42,ALL,PartOfAHorizontalPortScan,0.9748126305442929,0.9885372539247446,0.9816269718527684,8026
