scope,feature_index,feature_name,rows,nonfinite,mean,std,min,max,zero_rate,constant_or_near_constant,missing_indicator_rate
34-1,0,resp_port_well_known,18751,0,0.635859420830889,0.4811883391890284,0.0,1.0,0.36414057916911097,False,
34-1,1,resp_port_registered,18751,0,0.3576875899952003,0.4793194946574005,0.0,1.0,0.6423124100047998,False,
34-1,2,resp_port_dynamic,18751,0,0.0064529891739107245,0.0800708942414915,0.0,1.0,0.9935470108260893,False,
34-1,3,orig_port_is_wellknown,18751,0,0.08788864593888326,0.28313288727011715,0.0,1.0,0.9121113540611168,False,
34-1,4,proto_icmp,18751,0,0.0,0.0,0.0,0.0,1.0,True,
34-1,5,proto_tcp,18751,0,0.9032584928803797,0.29560545989518655,0.0,1.0,0.09674150711962029,False,
34-1,6,proto_udp,18751,0,0.09674150711962029,0.29560545989518655,0.0,1.0,0.9032584928803797,False,
34-1,7,service_dns,18751,0,0.010239453895792224,0.10067078761839589,0.0,1.0,0.9897605461042078,False,
34-1,8,service_irc,18751,0,0.08751533251559916,0.28258874551241997,0.0,1.0,0.9124846674844008,False,
34-1,9,service_ssh,18751,0,0.0,0.0,0.0,0.0,1.0,True,
34-1,10,service_other,18751,0,0.9022452135886087,0.2969828078274139,0.0,1.0,0.09775478641139139,False,
34-1,11,conn_state_OTH,18751,0,0.5287184683483548,0.499174568238131,0.0,1.0,0.47128153165164527,False,
34-1,12,conn_state_REJ,18751,0,0.0,0.0,0.0,0.0,1.0,True,
34-1,13,conn_state_RSTO,18751,0,0.0,0.0,0.0,0.0,1.0,True,
34-1,14,conn_state_RSTOS0,18751,0,0.0,0.0,0.0,0.0,1.0,True,
34-1,15,conn_state_RSTR,18751,0,0.002826515919150979,0.053089798708506754,0.0,1.0,0.997173484080849,False,
34-1,16,conn_state_RSTRH,18751,0,0.0,0.0,0.0,0.0,1.0,True,
34-1,17,conn_state_S0,18751,0,0.3384886139405898,0.473195596105002,0.0,1.0,0.6615113860594102,False,
34-1,18,conn_state_S1,18751,0,0.000213321956162338,0.014603987465940839,0.0,1.0,0.9997866780438377,False,
34-1,19,conn_state_S2,18751,0,0.0,0.0,0.0,0.0,1.0,True,
34-1,20,conn_state_S3,18751,0,0.08447549464028585,0.2780995962700501,0.0,1.0,0.9155245053597142,False,
34-1,21,conn_state_SF,18751,0,0.045277585195456244,0.20791230236406033,0.0,1.0,0.9547224148045438,False,
34-1,22,conn_state_SH,18751,0,0.0,0.0,0.0,0.0,1.0,True,
34-1,23,conn_state_SHR,18751,0,0.0,0.0,0.0,0.0,1.0,True,
34-1,24,history_n_s,18751,0,0.0,0.0,0.0,0.0,1.0,True,
34-1,25,history_n_S,18751,0,0.37448669404298435,0.4839900929024691,0.0,1.0,0.6255133059570156,False,
34-1,26,history_n_h,18751,0,0.08815529838408619,0.28352061962209896,0.0,1.0,0.9118447016159138,False,
34-1,27,history_n_H,18751,0,0.0,0.0,0.0,0.0,1.0,True,
34-1,28,history_n_a,18751,0,0.08538211295397578,0.27944947260907527,0.0,1.0,0.9146178870460242,False,
34-1,29,history_n_A,18751,0,0.08820862887312676,0.2835980723937484,0.0,1.0,0.9117913711268733,False,
34-1,30,history_n_d,18751,0,0.13273958722201482,0.339293072735274,0.0,1.0,0.8672604127779852,False,
34-1,31,history_n_D,18751,0,0.18495013599274707,0.3882571096438691,0.0,1.0,0.815049864007253,False,
34-1,32,history_n_f,18751,0,0.08799530691696443,0.2832880740122211,0.0,1.0,0.9120046930830356,False,
34-1,33,history_n_F,18751,0,0.0006932963575275985,0.026321392396456488,0.0,1.0,0.9993067036424724,False,
34-1,34,history_n_r,18751,0,0.002826515919150979,0.053089798708506754,0.0,1.0,0.997173484080849,False,
34-1,35,history_n_R,18751,0,5.33304890405845e-05,0.007302577962577544,0.0,1.0,0.9999466695109595,False,
34-1,36,history_n_c,18751,0,0.0005866353794464295,0.02421345159984448,0.0,1.0,0.9994133646205535,False,
34-1,37,history_n_C,18751,0,0.5294650951949229,0.5020076240191435,0.0,4.0,0.47128153165164527,False,
34-1,38,history_n_g,18751,0,0.0,0.0,0.0,0.0,1.0,True,
34-1,39,history_n_G,18751,0,0.0,0.0,0.0,0.0,1.0,True,
34-1,40,history_n_t,18751,0,0.006772972108154232,0.08645071314653559,0.0,2.0,0.9936003413151299,False,
34-1,41,history_n_T,18751,0,0.0,0.0,0.0,0.0,1.0,True,
34-1,42,history_n_w,18751,0,0.0,0.0,0.0,0.0,1.0,True,
34-1,43,history_n_W,18751,0,0.0,0.0,0.0,0.0,1.0,True,
34-1,44,duration_scaled,18751,0,-0.12458713835611018,0.8377739111129947,-0.5320997834205627,10.411115646362305,0.0,False,
34-1,45,orig_bytes_scaled,18751,0,-0.15057706216368177,0.7181943631031221,-0.43818697333335876,8.463321685791016,0.0,False,
34-1,46,resp_bytes_scaled,18751,0,-0.029515367537509614,0.8568845723034358,-0.35859110951423645,5.5512895584106445,0.0,False,
34-1,47,missed_bytes_scaled,18751,0,0.0005605741183024509,1.072091891044883,-0.02539154328405857,45.88248062133789,0.0,False,
34-1,48,orig_pkts_scaled,18751,0,-0.5593123601284747,1.2187854848187236,-1.463209629058838,13.974309921264648,0.0,False,
34-1,49,orig_ip_bytes_scaled,18751,0,-1.1515885692167378,1.6047180766017402,-2.6205437183380127,8.889530181884766,0.0,False,
34-1,50,resp_pkts_scaled,18751,0,-0.09943238628666519,0.80724467613826,-0.3873482644557953,9.270654678344727,0.0,False,
34-1,51,resp_ip_bytes_scaled,18751,0,-0.1119050117602228,0.8691065660170314,-0.4456983804702759,4.827550888061523,0.0,False,
34-1,52,duration_missing,18751,0,0.7164951202602527,0.45069930430775984,0.0,1.0,0.2835048797397472,False,0.7164951202602527
34-1,53,orig_bytes_missing,18751,0,0.7164951202602527,0.45069930430775984,0.0,1.0,0.2835048797397472,False,0.7164951202602527
34-1,54,resp_bytes_missing,18751,0,0.7164951202602527,0.45069930430775984,0.0,1.0,0.2835048797397472,False,0.7164951202602527
1-1,0,resp_port_well_known,20008,0,0.28618552578968415,0.45197717931126363,0.0,1.0,0.7138144742103159,False,
1-1,1,resp_port_registered,20008,0,0.5934626149540184,0.4911870719043376,0.0,1.0,0.4065373850459816,False,
1-1,2,resp_port_dynamic,20008,0,0.12035185925629747,0.32537253914528474,0.0,1.0,0.8796481407437026,False,
1-1,3,orig_port_is_wellknown,20008,0,0.028338664534186327,0.16593849651785195,0.0,1.0,0.9716613354658137,False,
1-1,4,proto_icmp,20008,0,0.01869252299080368,0.13543674750614013,0.0,1.0,0.9813074770091963,False,
1-1,5,proto_tcp,20008,0,0.5471311475409836,0.4977736985131597,0.0,1.0,0.45286885245901637,False,
1-1,6,proto_udp,20008,0,0.4341763294682127,0.49564830716721187,0.0,1.0,0.5658236705317873,False,
1-1,7,service_dns,20008,0,0.0,0.0,0.0,0.0,1.0,True,
1-1,8,service_irc,20008,0,0.0,0.0,0.0,0.0,1.0,True,
1-1,9,service_ssh,20008,0,4.998000799680128e-05,0.007069477349535957,0.0,1.0,0.9999500199920032,False,
1-1,10,service_other,20008,0,0.9999500199920032,0.007069477349535957,0.0,1.0,4.998000799680128e-05,False,
1-1,11,conn_state_OTH,20008,0,0.01869252299080368,0.13543674750614013,0.0,1.0,0.9813074770091963,False,
1-1,12,conn_state_REJ,20008,0,0.003948420631747301,0.06271228433299249,0.0,1.0,0.9960515793682527,False,
1-1,13,conn_state_RSTO,20008,0,0.0,0.0,0.0,0.0,1.0,True,
1-1,14,conn_state_RSTOS0,20008,0,0.00019992003198720512,0.01413789460874622,0.0,1.0,0.9998000799680128,False,
1-1,15,conn_state_RSTR,20008,0,0.0013994402239104358,0.037382907738298485,0.0,1.0,0.9986005597760895,False,
1-1,16,conn_state_RSTRH,20008,0,4.998000799680128e-05,0.007069477349535956,0.0,1.0,0.9999500199920032,False,
1-1,17,conn_state_S0,20008,0,0.9610655737704918,0.19343871557598594,0.0,1.0,0.0389344262295082,False,
1-1,18,conn_state_S1,20008,0,0.0,0.0,0.0,0.0,1.0,True,
1-1,19,conn_state_S2,20008,0,0.0,0.0,0.0,0.0,1.0,True,
1-1,20,conn_state_S3,20008,0,0.0,0.0,0.0,0.0,1.0,True,
1-1,21,conn_state_SF,20008,0,0.014644142343062775,0.12012365061926353,0.0,1.0,0.9853558576569372,False,
1-1,22,conn_state_SH,20008,0,0.0,0.0,0.0,0.0,1.0,True,
1-1,23,conn_state_SHR,20008,0,0.0,0.0,0.0,0.0,1.0,True,
1-1,24,history_n_s,20008,0,0.0,0.0,0.0,0.0,1.0,True,
1-1,25,history_n_S,20008,0,0.5468312674930028,0.4978020011862134,0.0,1.0,0.4531687325069972,False,
1-1,26,history_n_h,20008,0,0.008396641343462616,0.0912476726147679,0.0,1.0,0.9916033586565374,False,
1-1,27,history_n_H,20008,0,4.998000799680128e-05,0.007069477349535957,0.0,1.0,0.9999500199920032,False,
1-1,28,history_n_a,20008,0,0.007796881247501,0.08795504471213329,0.0,1.0,0.992203118752499,False,
1-1,29,history_n_A,20008,0,0.008496601359456218,0.09178457999465217,0.0,1.0,0.9915033986405438,False,
1-1,30,history_n_d,20008,0,0.014644142343062775,0.12012365061926351,0.0,1.0,0.9853558576569372,False,
1-1,31,history_n_D,20008,0,0.4425229908036785,0.4966854068863368,0.0,1.0,0.5574770091963215,False,
1-1,32,history_n_f,20008,0,0.007497001199520192,0.08626004969007717,0.0,1.0,0.9925029988004798,False,
1-1,33,history_n_F,20008,0,0.007497001199520192,0.08626004969007717,0.0,1.0,0.9925029988004798,False,
1-1,34,history_n_r,20008,0,0.005747700919632147,0.07559540233222262,0.0,1.0,0.9942522990803678,False,
1-1,35,history_n_R,20008,0,0.0006497401039584166,0.025481717794444792,0.0,1.0,0.9993502598960415,False,
1-1,36,history_n_c,20008,0,0.0,0.0,0.0,0.0,1.0,True,
1-1,37,history_n_C,20008,0,0.0,0.0,0.0,0.0,1.0,True,
1-1,38,history_n_g,20008,0,0.0,0.0,0.0,0.0,1.0,True,
1-1,39,history_n_G,20008,0,0.0,0.0,0.0,0.0,1.0,True,
1-1,40,history_n_t,20008,0,0.0002499000399840064,0.015806251609854327,0.0,1.0,0.999750099960016,False,
1-1,41,history_n_T,20008,0,0.0,0.0,0.0,0.0,1.0,True,
1-1,42,history_n_w,20008,0,0.0,0.0,0.0,0.0,1.0,True,
1-1,43,history_n_W,20008,0,0.0,0.0,0.0,0.0,1.0,True,
1-1,44,duration_scaled,20008,0,-0.2632833600247849,0.5691854665466716,-0.5320997834205627,4.193561553955078,0.0,False,
1-1,45,orig_bytes_scaled,20008,0,-0.4054748920365566,0.2508925398217675,-0.43818697333335876,3.3390486240386963,0.0,False,
1-1,46,resp_bytes_scaled,20008,0,-0.32664494822230017,0.26814550291102973,-0.35859110951423645,3.4021413326263428,0.0,False,
1-1,47,missed_bytes_scaled,20008,0,-0.02539154328405857,0.0,-0.02539154328405857,-0.02539154328405857,0.0,True,
1-1,48,orig_pkts_scaled,20008,0,-0.1544186963332219,0.49522010047180204,-0.37383121252059937,4.5878400802612305,0.0,False,
1-1,49,orig_ip_bytes_scaled,20008,0,0.018134891048728414,0.3625342290497703,-0.2651507556438446,2.4557182788848877,0.0,False,
1-1,50,resp_pkts_scaled,20008,0,-0.3466735643009599,0.350602055668955,-0.3873482644557953,5.3483757972717285,0.0,False,
1-1,51,resp_ip_bytes_scaled,20008,0,-0.40066496888454894,0.3255674688889178,-0.4456983804702759,3.192026376724243,0.0,False,
1-1,52,duration_missing,20008,0,0.8009796081567373,0.39926341614755656,0.0,1.0,0.1990203918432627,False,0.8009796081567373
1-1,53,orig_bytes_missing,20008,0,0.8009796081567373,0.39926341614755656,0.0,1.0,0.1990203918432627,False,0.8009796081567373
1-1,54,resp_bytes_missing,20008,0,0.8009796081567373,0.39926341614755656,0.0,1.0,0.1990203918432627,False,0.8009796081567373
3-1,0,resp_port_well_known,20506,0,0.9222666536623427,0.2677515139169284,0.0,1.0,0.07773334633765727,False,
3-1,1,resp_port_registered,20506,0,0.0004388959328976885,0.020945245361603533,0.0,1.0,0.9995611040671023,False,
3-1,2,resp_port_dynamic,20506,0,0.07729445040475959,0.26705808046450447,0.0,1.0,0.9227055495952404,False,
3-1,3,orig_port_is_wellknown,20506,0,0.09480152150590071,0.29294059641174175,0.0,1.0,0.9051984784940993,False,
3-1,4,proto_icmp,20506,0,0.058860821223056664,0.23536402645265062,0.0,1.0,0.9411391787769433,False,
3-1,5,proto_tcp,20506,0,0.9051497122793328,0.29300803852449814,0.0,1.0,0.09485028772066713,False,
3-1,6,proto_udp,20506,0,0.03598946649761046,0.18626385800478798,0.0,1.0,0.9640105335023895,False,
3-1,7,service_dns,20506,0,4.876621476640983e-05,0.006983110812718583,0.0,1.0,0.9999512337852335,False,
3-1,8,service_irc,20506,0,0.000292597288598459,0.017102972707256595,0.0,1.0,0.9997074027114016,False,
3-1,9,service_ssh,20506,0,0.2876231346922852,0.4526544676484136,0.0,1.0,0.7123768653077148,False,
3-1,10,service_other,20506,0,0.7120355018043499,0.4528144719138043,0.0,1.0,0.28796449819565006,False,
3-1,11,conn_state_OTH,20506,0,0.059299717155954355,0.23618480201142952,0.0,1.0,0.9407002828440456,False,
3-1,12,conn_state_REJ,20506,0,0.11328391690237004,0.3169395385142519,0.0,1.0,0.88671608309763,False,
3-1,13,conn_state_RSTO,20506,0,0.005900711986735589,0.07658912184367427,0.0,1.0,0.9940992880132644,False,
3-1,14,conn_state_RSTOS0,20506,0,0.0,0.0,0.0,0.0,1.0,True,
3-1,15,conn_state_RSTR,20506,0,0.0029747391007509997,0.054459985567694234,0.0,1.0,0.997025260899249,False,
3-1,16,conn_state_RSTRH,20506,0,4.876621476640983e-05,0.006983110812718582,0.0,1.0,0.9999512337852335,False,
3-1,17,conn_state_S0,20506,0,0.48829610845606164,0.49986300015376983,0.0,1.0,0.5117038915439384,False,
3-1,18,conn_state_S1,20506,0,0.0020481810201892128,0.04521046311085244,0.0,1.0,0.9979518189798108,False,
3-1,19,conn_state_S2,20506,0,0.0015605188725251145,0.039472568365557466,0.0,1.0,0.9984394811274749,False,
3-1,20,conn_state_S3,20506,0,0.0,0.0,0.0,0.0,1.0,True,
3-1,21,conn_state_SF,20506,0,0.326148444357749,0.4688023427850689,0.0,1.0,0.6738515556422511,False,
3-1,22,conn_state_SH,20506,0,0.00039012971813127864,0.019747848412784354,0.0,1.0,0.9996098702818688,False,
3-1,23,conn_state_SHR,20506,0,4.876621476640983e-05,0.006983110812718583,0.0,1.0,0.9999512337852335,False,
3-1,24,history_n_s,20506,0,0.0,0.0,0.0,0.0,1.0,True,
3-1,25,history_n_S,20506,0,0.9042231541987711,0.2942849666727754,0.0,1.0,0.0957768458012289,False,
3-1,26,history_n_h,20506,0,0.30327708963230277,0.4596739023878373,0.0,1.0,0.6967229103676973,False,
3-1,27,history_n_H,20506,0,0.0,0.0,0.0,0.0,1.0,True,
3-1,28,history_n_a,20506,0,0.30132644104164635,0.45883419333221187,0.0,1.0,0.6986735589583537,False,
3-1,29,history_n_A,20506,0,0.3037159855652004,0.45986148531634974,0.0,1.0,0.6962840144347996,False,
3-1,30,history_n_d,20506,0,0.3318540914854189,0.4708789159113053,0.0,1.0,0.6681459085145811,False,
3-1,31,history_n_D,20506,0,0.3333658441431776,0.4714160138369127,0.0,1.0,0.6666341558568224,False,
3-1,32,history_n_f,20506,0,0.2908417048668682,0.4541506441446513,0.0,1.0,0.7091582951331318,False,
3-1,33,history_n_F,20506,0,0.2981566370818297,0.45744863847855516,0.0,1.0,0.7018433629181703,False,
3-1,34,history_n_r,20506,0,0.11650248707695308,0.3209784883934907,0.0,2.0,0.8835462791378134,False,
3-1,35,history_n_R,20506,0,0.04286550277967424,0.29073616050081824,0.0,3.0,0.976202087193992,False,
3-1,36,history_n_c,20506,0,0.0,0.0,0.0,0.0,1.0,True,
3-1,37,history_n_C,20506,0,0.0,0.0,0.0,0.0,1.0,True,
3-1,38,history_n_g,20506,0,0.0,0.0,0.0,0.0,1.0,True,
3-1,39,history_n_G,20506,0,0.0,0.0,0.0,0.0,1.0,True,
3-1,40,history_n_t,20506,0,0.00287720667121818,0.05356237814911954,0.0,1.0,0.9971227933287818,False,
3-1,41,history_n_T,20506,0,0.0007314932214961474,0.027036237518616616,0.0,1.0,0.9992685067785039,False,
3-1,42,history_n_w,20506,0,0.0,0.0,0.0,0.0,1.0,True,
3-1,43,history_n_W,20506,0,0.0,0.0,0.0,0.0,1.0,True,
3-1,44,duration_scaled,20506,0,0.3677406268450803,0.8403293314931305,-0.5320997834205627,11.063961029052734,0.0,False,
3-1,45,orig_bytes_scaled,20506,0,0.5811113708508221,1.4287917940454753,-0.43818697333335876,3.8549578189849854,0.0,False,
3-1,46,resp_bytes_scaled,20506,0,0.8006076720231372,1.676743481938293,-0.35859110951423645,4.125880241394043,0.0,False,
3-1,47,missed_bytes_scaled,20506,0,-0.02539154328405857,0.0,-0.02539154328405857,-0.02539154328405857,0.0,True,
3-1,48,orig_pkts_scaled,20506,0,0.8784688307833673,1.3513354967596372,-1.463209629058838,11.136600494384766,0.0,False,
3-1,49,orig_ip_bytes_scaled,20506,0,0.7668064331529466,0.8134278067488073,-2.6205437183380127,4.995940208435059,0.0,False,
3-1,50,resp_pkts_scaled,20506,0,0.9061731823732664,1.6937904294340531,-0.3873482644557953,11.650644302368164,0.0,False,
3-1,51,resp_ip_bytes_scaled,20506,0,0.8426323722109473,1.5225956272601655,-0.4456983804702759,5.063934803009033,0.0,False,
3-1,52,duration_missing,20506,0,0.2907441724373354,0.4541057130570638,0.0,1.0,0.7092558275626646,False,0.2907441724373354
3-1,53,orig_bytes_missing,20506,0,0.2907441724373354,0.4541057130570638,0.0,1.0,0.7092558275626646,False,0.2907441724373354
3-1,54,resp_bytes_missing,20506,0,0.2907441724373354,0.4541057130570638,0.0,1.0,0.7092558275626646,False,0.2907441724373354
9-1,0,resp_port_well_known,20000,0,0.68855,0.463086274359325,0.0,1.0,0.31145,False,
9-1,1,resp_port_registered,20000,0,0.21245,0.40904155962444694,0.0,1.0,0.78755,False,
9-1,2,resp_port_dynamic,20000,0,0.099,0.298662016332844,0.0,1.0,0.901,False,
9-1,3,orig_port_is_wellknown,20000,0,0.06885,0.253198889215573,0.0,1.0,0.93115,False,
9-1,4,proto_icmp,20000,0,0.05925,0.2360920106653336,0.0,1.0,0.94075,False,
9-1,5,proto_tcp,20000,0,0.60215,0.4894541628181336,0.0,1.0,0.39785,False,
9-1,6,proto_udp,20000,0,0.3386,0.47323359982148355,0.0,1.0,0.6614,False,
9-1,7,service_dns,20000,0,0.02495,0.15597274601673203,0.0,1.0,0.97505,False,
9-1,8,service_irc,20000,0,0.0,0.0,0.0,0.0,1.0,True,
9-1,9,service_ssh,20000,0,0.0,0.0,0.0,0.0,1.0,True,
9-1,10,service_other,20000,0,0.97505,0.15597274601673203,0.0,1.0,0.02495,False,
9-1,11,conn_state_OTH,20000,0,0.0593,0.23618532977304071,0.0,1.0,0.9407,False,
9-1,12,conn_state_REJ,20000,0,0.09175,0.28867271693043667,0.0,1.0,0.90825,False,
9-1,13,conn_state_RSTO,20000,0,0.00385,0.06192880993527971,0.0,1.0,0.99615,False,
9-1,14,conn_state_RSTOS0,20000,0,0.00015,0.012246530120813812,0.0,1.0,0.99985,False,
9-1,15,conn_state_RSTR,20000,0,0.0007,0.026448251359967073,0.0,1.0,0.9993,False,
9-1,16,conn_state_RSTRH,20000,0,0.0003,0.017317909804592472,0.0,1.0,0.9997,False,
9-1,17,conn_state_S0,20000,0,0.8055,0.39581529783473496,0.0,1.0,0.1945,False,
9-1,18,conn_state_S1,20000,0,0.00025,0.015809411753762374,0.0,1.0,0.99975,False,
9-1,19,conn_state_S2,20000,0,0.00045,0.021208429927743355,0.0,1.0,0.99955,False,
9-1,20,conn_state_S3,20000,0,0.0,0.0,0.0,0.0,1.0,True,
9-1,21,conn_state_SF,20000,0,0.03755,0.19010522743996286,0.0,1.0,0.96245,False,
9-1,22,conn_state_SH,20000,0,0.0002,0.014140721339450825,0.0,1.0,0.9998,False,
9-1,23,conn_state_SHR,20000,0,0.0,0.0,0.0,0.0,1.0,True,
9-1,24,history_n_s,20000,0,0.0,0.0,0.0,0.0,1.0,True,
9-1,25,history_n_S,20000,0,0.6015,0.48958936875712483,0.0,1.0,0.3985,False,
9-1,26,history_n_h,20000,0,0.0097,0.09800974441350209,0.0,1.0,0.9903,False,
9-1,27,history_n_H,20000,0,0.0,0.0,0.0,0.0,1.0,True,
9-1,28,history_n_a,20000,0,0.00525,0.07226643411709201,0.0,1.0,0.99475,False,
9-1,29,history_n_A,20000,0,0.0064,0.07974358908401351,0.0,1.0,0.9936,False,
9-1,30,history_n_d,20000,0,0.0379,0.1909544186448693,0.0,1.0,0.9621,False,
9-1,31,history_n_D,20000,0,0.34425,0.4751230761602724,0.0,1.0,0.65575,False,
9-1,32,history_n_f,20000,0,0.00445,0.06655972881555333,0.0,1.0,0.99555,False,
9-1,33,history_n_F,20000,0,0.00535,0.07294777241287084,0.0,1.0,0.99465,False,
9-1,34,history_n_r,20000,0,0.09275,0.29008177726289536,0.0,1.0,0.90725,False,
9-1,35,history_n_R,20000,0,0.00425,0.0665727984990867,0.0,2.0,0.99585,False,
9-1,36,history_n_c,20000,0,0.0,0.0,0.0,0.0,1.0,True,
9-1,37,history_n_C,20000,0,0.0,0.0,0.0,0.0,1.0,True,
9-1,38,history_n_g,20000,0,0.0,0.0,0.0,0.0,1.0,True,
9-1,39,history_n_G,20000,0,0.0,0.0,0.0,0.0,1.0,True,
9-1,40,history_n_t,20000,0,0.0003,0.017317909804592472,0.0,1.0,0.9997,False,
9-1,41,history_n_T,20000,0,0.0,0.0,0.0,0.0,1.0,True,
9-1,42,history_n_w,20000,0,0.0,0.0,0.0,0.0,1.0,True,
9-1,43,history_n_W,20000,0,0.0,0.0,0.0,0.0,1.0,True,
9-1,44,duration_scaled,20000,0,0.419979267086077,1.645205749127002,-0.5320997834205627,6.612986087799072,0.0,False,
9-1,45,orig_bytes_scaled,20000,0,0.31089497528374194,1.25501755576043,-0.43818697333335876,4.144027233123779,0.0,False,
9-1,46,resp_bytes_scaled,20000,0,-0.2569842223972082,0.5217200999073102,-0.35859110951423645,5.4405012130737305,0.0,False,
9-1,47,missed_bytes_scaled,20000,0,-0.02108090018685907,0.43345896168029113,-0.02539154328405857,47.65139389038086,0.0,False,
9-1,48,orig_pkts_scaled,20000,0,-0.019879280257225036,0.708199504625391,-1.463209629058838,6.174670219421387,0.0,False,
9-1,49,orig_ip_bytes_scaled,20000,0,0.19044244840773752,0.6772927563185476,-2.6205437183380127,3.4761483669281006,0.0,False,
9-1,50,resp_pkts_scaled,20000,0,-0.2349853665679693,0.4523482240336821,-0.3873482644557953,6.181499481201172,0.0,False,
9-1,51,resp_ip_bytes_scaled,20000,0,-0.19066580185890197,0.668808656404597,-0.4456983804702759,4.717460632324219,0.0,False,
9-1,52,duration_missing,20000,0,0.63635,0.4810495582577745,0.0,1.0,0.36365,False,0.63635
9-1,53,orig_bytes_missing,20000,0,0.63635,0.4810495582577745,0.0,1.0,0.36365,False,0.63635
9-1,54,resp_bytes_missing,20000,0,0.63635,0.4810495582577745,0.0,1.0,0.36365,False,0.63635
36-1,0,resp_port_well_known,22666,0,0.11744463072443308,0.3219493584998029,0.0,1.0,0.8825553692755669,False,
36-1,1,resp_port_registered,22666,0,0.44136592252713314,0.4965501434486812,0.0,1.0,0.5586340774728669,False,
36-1,2,resp_port_dynamic,22666,0,0.4411894467484338,0.4965292728794998,0.0,1.0,0.5588105532515663,False,
36-1,3,orig_port_is_wellknown,22666,0,0.08426718432895085,0.2777880954508697,0.0,1.0,0.9157328156710491,False,
36-1,4,proto_icmp,22666,0,0.016368128474366892,0.1268866141269973,0.0,1.0,0.9836318715256331,False,
36-1,5,proto_tcp,22666,0,0.8825994882202418,0.3218969270024321,0.0,1.0,0.11740051177975823,False,
36-1,6,proto_udp,22666,0,0.10103238330539134,0.3013715992409103,0.0,1.0,0.8989676166946087,False,
36-1,7,service_dns,22666,0,0.033133327450807375,0.17898466432307814,0.0,1.0,0.9668666725491927,False,
36-1,8,service_irc,22666,0,0.0,0.0,0.0,0.0,1.0,True,
36-1,9,service_ssh,22666,0,0.0,0.0,0.0,0.0,1.0,True,
36-1,10,service_other,22666,0,0.9668666725491927,0.17898466432307814,0.0,1.0,0.033133327450807375,False,
36-1,11,conn_state_OTH,22666,0,0.016412247419041737,0.12705465577340286,0.0,1.0,0.9835877525809583,False,
36-1,12,conn_state_REJ,22666,0,4.4118944674843376e-05,0.006642062796568863,0.0,1.0,0.9999558810553252,False,
36-1,13,conn_state_RSTO,22666,0,4.4118944674843376e-05,0.006642062796568862,0.0,1.0,0.9999558810553252,False,
36-1,14,conn_state_RSTOS0,22666,0,0.0,0.0,0.0,0.0,1.0,True,
36-1,15,conn_state_RSTR,22666,0,0.0,0.0,0.0,0.0,1.0,True,
36-1,16,conn_state_RSTRH,22666,0,0.0,0.0,0.0,0.0,1.0,True,
36-1,17,conn_state_S0,22666,0,0.9555722227124327,0.20604356309492805,0.0,1.0,0.044427777287567284,False,
36-1,18,conn_state_S1,22666,0,0.0,0.0,0.0,0.0,1.0,True,
36-1,19,conn_state_S2,22666,0,4.4118944674843376e-05,0.006642062796568862,0.0,1.0,0.9999558810553252,False,
36-1,20,conn_state_S3,22666,0,0.0,0.0,0.0,0.0,1.0,True,
36-1,21,conn_state_SF,22666,0,0.027883173034501014,0.1646380930891423,0.0,1.0,0.972116826965499,False,
36-1,22,conn_state_SH,22666,0,0.0,0.0,0.0,0.0,1.0,True,
36-1,23,conn_state_SHR,22666,0,0.0,0.0,0.0,0.0,1.0,True,
36-1,24,history_n_s,22666,0,0.0,0.0,0.0,0.0,1.0,True,
36-1,25,history_n_S,22666,0,0.8825112503308921,0.3220017754148222,0.0,1.0,0.11748874966910791,False,
36-1,26,history_n_h,22666,0,8.823788934968675e-05,0.00939308806647579,0.0,1.0,0.9999117621106504,False,
36-1,27,history_n_H,22666,0,0.0,0.0,0.0,0.0,1.0,True,
36-1,28,history_n_a,22666,0,4.4118944674843376e-05,0.006642062796568863,0.0,1.0,0.9999558810553252,False,
36-1,29,history_n_A,22666,0,0.00013235683402453013,0.011503882635572097,0.0,1.0,0.9998676431659754,False,
36-1,30,history_n_d,22666,0,0.02792729197917586,0.1647645542642158,0.0,1.0,0.9720727080208241,False,
36-1,31,history_n_D,22666,0,0.10116474013941587,0.301546738486657,0.0,1.0,0.8988352598605841,False,
36-1,32,history_n_f,22666,0,4.4118944674843376e-05,0.006642062796568863,0.0,1.0,0.9999558810553252,False,
36-1,33,history_n_F,22666,0,8.823788934968675e-05,0.00939308806647579,0.0,1.0,0.9999117621106504,False,
36-1,34,history_n_r,22666,0,4.4118944674843376e-05,0.006642062796568863,0.0,1.0,0.9999558810553252,False,
36-1,35,history_n_R,22666,0,4.4118944674843376e-05,0.006642062796568862,0.0,1.0,0.9999558810553252,False,
36-1,36,history_n_c,22666,0,0.0,0.0,0.0,0.0,1.0,True,
36-1,37,history_n_C,22666,0,0.0,0.0,0.0,0.0,1.0,True,
36-1,38,history_n_g,22666,0,0.0,0.0,0.0,0.0,1.0,True,
36-1,39,history_n_G,22666,0,0.0,0.0,0.0,0.0,1.0,True,
36-1,40,history_n_t,22666,0,0.0,0.0,0.0,0.0,1.0,True,
36-1,41,history_n_T,22666,0,0.0,0.0,0.0,0.0,1.0,True,
36-1,42,history_n_w,22666,0,0.0,0.0,0.0,0.0,1.0,True,
36-1,43,history_n_W,22666,0,0.0,0.0,0.0,0.0,1.0,True,
36-1,44,duration_scaled,22666,0,-0.15802178826542362,0.655012737315323,-0.5320997834205627,4.17676305770874,0.0,False,
36-1,45,orig_bytes_scaled,22666,0,-0.32959505153819424,0.4608392536334882,-0.43818697333335876,2.8523008823394775,0.0,False,
36-1,46,resp_bytes_scaled,22666,0,-0.30229627024877065,0.33437806056714275,-0.35859110951423645,3.056767225265503,0.0,False,
36-1,47,missed_bytes_scaled,22666,0,-0.02539154328405857,0.0,-0.02539154328405857,-0.02539154328405857,0.0,True,
36-1,48,orig_pkts_scaled,22666,0,-0.1111948600721456,0.462059591817822,-0.37383121252059937,4.078962802886963,0.0,False,
36-1,49,orig_ip_bytes_scaled,22666,0,0.05569971582231779,0.375195527310512,-0.2651507556438446,2.834768056869507,0.0,False,
36-1,50,resp_pkts_scaled,22666,0,-0.35821689217349156,0.18346291057667544,-0.3873482644557953,3.688910484313965,0.0,False,
36-1,51,resp_ip_bytes_scaled,22666,0,-0.3902464335608291,0.32793731220774064,-0.4456983804702759,2.877277135848999,0.0,False,
36-1,52,duration_missing,22666,0,0.7240360010588547,0.4469987362728858,0.0,1.0,0.2759639989411453,False,0.7240360010588547
36-1,53,orig_bytes_missing,22666,0,0.7240360010588547,0.4469987362728858,0.0,1.0,0.2759639989411453,False,0.7240360010588547
36-1,54,resp_bytes_missing,22666,0,0.7240360010588547,0.4469987362728858,0.0,1.0,0.2759639989411453,False,0.7240360010588547
39-1,0,resp_port_well_known,19544,0,0.9217151043798608,0.2686193789321297,0.0,1.0,0.07828489562013917,False,
39-1,1,resp_port_registered,19544,0,0.07828489562013917,0.2686193789321297,0.0,1.0,0.9217151043798608,False,
39-1,2,resp_port_dynamic,19544,0,0.0,0.0,0.0,0.0,1.0,True,
39-1,3,orig_port_is_wellknown,19544,0,0.11266884977486696,0.3161875710164387,0.0,1.0,0.887331150225133,False,
39-1,4,proto_icmp,19544,0,0.07756856324191568,0.2674914601225628,0.0,1.0,0.9224314367580844,False,
39-1,5,proto_tcp,19544,0,0.7692386410151453,0.42132001398499663,0.0,1.0,0.2307613589848547,False,
39-1,6,proto_udp,19544,0,0.153192795742939,0.36017324036552345,0.0,1.0,0.846807204257061,False,
39-1,7,service_dns,19544,0,0.11809250920998772,0.32271762963692685,0.0,1.0,0.8819074907900123,False,
39-1,8,service_irc,19544,0,0.04676627097830536,0.21113783857255208,0.0,1.0,0.9532337290216947,False,
39-1,9,service_ssh,19544,0,0.02752762996316005,0.1636149734950056,0.0,1.0,0.97247237003684,False,
39-1,10,service_other,19544,0,0.8076135898485469,0.39417493494702316,0.0,1.0,0.19238641015145314,False,
39-1,11,conn_state_OTH,19544,0,0.07756856324191568,0.2674914601225628,0.0,1.0,0.9224314367580844,False,
39-1,12,conn_state_REJ,19544,0,0.1111338518215309,0.3142978186383751,0.0,1.0,0.8888661481784691,False,
39-1,13,conn_state_RSTO,19544,0,0.022462136717151044,0.1481809337642703,0.0,1.0,0.977537863282849,False,
39-1,14,conn_state_RSTOS0,19544,0,0.00010233319688907081,0.01011546957910928,0.0,1.0,0.9998976668031109,False,
39-1,15,conn_state_RSTR,19544,0,0.0064469914040114614,0.08003391597221808,0.0,1.0,0.9935530085959885,False,
39-1,16,conn_state_RSTRH,19544,0,0.0,0.0,0.0,0.0,1.0,True,
39-1,17,conn_state_S0,19544,0,0.5765452312730249,0.49410608938704564,0.0,1.0,0.423454768726975,False,
39-1,18,conn_state_S1,19544,0,0.001995497339336881,0.04462639722972918,0.0,1.0,0.9980045026606631,False,
39-1,19,conn_state_S2,19544,0,0.0034281620957838724,0.05845006245017112,0.0,1.0,0.9965718379042161,False,
39-1,20,conn_state_S3,19544,0,0.0,0.0,0.0,0.0,1.0,True,
39-1,21,conn_state_SF,19544,0,0.19187474416700778,0.39377509661969873,0.0,1.0,0.8081252558329922,False,
39-1,22,conn_state_SH,19544,0,0.008033155955792059,0.08926715163587322,0.0,1.0,0.991966844044208,False,
39-1,23,conn_state_SHR,19544,0,0.00040933278755628325,0.02022783315694775,0.0,1.0,0.9995906672124437,False,
39-1,24,history_n_s,19544,0,0.0,0.0,0.0,0.0,1.0,True,
39-1,25,history_n_S,19544,0,0.7605914858780188,0.42672248298851834,0.0,1.0,0.23940851412198116,False,
39-1,26,history_n_h,19544,0,0.11471551371264839,0.3186783089987324,0.0,1.0,0.8852844862873516,False,
39-1,27,history_n_H,19544,0,0.0,0.0,0.0,0.0,1.0,True,
39-1,28,history_n_a,19544,0,0.08038272615636513,0.27188479819959765,0.0,1.0,0.9196172738436349,False,
39-1,29,history_n_A,19544,0,0.09281620957838722,0.29017470740553547,0.0,1.0,0.9071837904216128,False,
39-1,30,history_n_d,19544,0,0.19279574293900942,0.3944940360051148,0.0,1.0,0.8072042570609906,False,
39-1,31,history_n_D,19544,0,0.24339950880065495,0.4291342306508009,0.0,1.0,0.756600491199345,False,
39-1,32,history_n_f,19544,0,0.0839643880474826,0.2773344002955536,0.0,1.0,0.9160356119525174,False,
39-1,33,history_n_F,19544,0,0.09276504297994269,0.29010289516113424,0.0,1.0,0.9072349570200573,False,
39-1,34,history_n_r,19544,0,0.12136717151043798,0.32858410300796936,0.0,2.0,0.879297994269341,False,
39-1,35,history_n_R,19544,0,0.02328080229226361,0.1528162482140776,0.0,2.0,0.9770261972984036,False,
39-1,36,history_n_c,19544,0,0.0011256651657797789,0.03353204502732169,0.0,1.0,0.9988743348342202,False,
39-1,37,history_n_C,19544,0,0.0030699959066721244,0.055322427927605826,0.0,1.0,0.9969300040933279,False,
39-1,38,history_n_g,19544,0,0.0,0.0,0.0,0.0,1.0,True,
39-1,39,history_n_G,19544,0,0.0,0.0,0.0,0.0,1.0,True,
39-1,40,history_n_t,19544,0,0.0025583299222267705,0.057167449203714735,0.0,3.0,0.9977486696684404,False,
39-1,41,history_n_T,19544,0,0.00040933278755628325,0.024775625683390038,0.0,2.0,0.9996930004093327,False,
39-1,42,history_n_w,19544,0,0.00936348751534998,0.09841313634091817,0.0,2.0,0.9908411788784282,False,
39-1,43,history_n_W,19544,0,0.0,0.0,0.0,0.0,1.0,True,
39-1,44,duration_scaled,19544,0,-0.2389561870945092,0.8445454633710158,-0.5320997834205627,8.53028392791748,0.0,False,
39-1,45,orig_bytes_scaled,19544,0,0.011686099457584635,0.9433294657105471,-0.43818697333335876,3.7029826641082764,0.0,False,
39-1,46,resp_bytes_scaled,19544,0,0.13121362433990297,1.046983984227233,-0.35859110951423645,7.648918151855469,0.0,False,
39-1,47,missed_bytes_scaled,19544,0,0.11118283038080193,2.2965157686178177,-0.02539154328405857,42.210792541503906,0.0,False,
39-1,48,orig_pkts_scaled,19544,0,-0.06714515233998702,0.8728740954853275,-0.37383121252059937,14.390351295471191,0.0,False,
39-1,49,orig_ip_bytes_scaled,19544,0,0.029024546686712404,0.6041622047028034,-0.2651507556438446,6.285966396331787,0.0,False,
39-1,50,resp_pkts_scaled,19544,0,0.1557079111189687,0.9969689138737715,-0.3873482644557953,13.579170227050781,0.0,False,
39-1,51,resp_ip_bytes_scaled,19544,0,0.27470571024101675,1.0731407726968663,-0.4456983804702759,6.698023319244385,0.0,False,
39-1,52,duration_missing,19544,0,0.6483831354891527,0.4774750727550159,0.0,1.0,0.35161686451084734,False,0.6483831354891527
39-1,53,orig_bytes_missing,19544,0,0.6483831354891527,0.4774750727550159,0.0,1.0,0.35161686451084734,False,0.6483831354891527
39-1,54,resp_bytes_missing,19544,0,0.6483831354891527,0.4774750727550159,0.0,1.0,0.35161686451084734,False,0.6483831354891527
global,0,resp_port_well_known,121475,0,0.5845482609590451,0.49279974793906006,0.0,1.0,0.41545173904095495,False,
global,1,resp_port_registered,121475,0,0.282963572751595,0.4504388851412007,0.0,1.0,0.717036427248405,False,
global,2,resp_port_dynamic,121475,0,0.13248816628935994,0.339020725152081,0.0,1.0,0.86751183371064,False,
global,3,orig_port_is_wellknown,121475,0,0.07942374974274542,0.270398997260617,0.0,1.0,0.9205762502572545,False,
global,4,proto_icmp,121475,0,0.0383041778143651,0.1919295906741079,0.0,1.0,0.9616958221856349,False,
global,5,proto_tcp,121475,0,0.7699279687178432,0.42087871376901337,0.0,1.0,0.23007203128215684,False,
global,6,proto_udp,121475,0,0.19176785346779174,0.393691432271706,0.0,1.0,0.8082321465322083,False,
global,7,service_dns,121475,0,0.030878781642313235,0.17298925540795757,0.0,1.0,0.9691212183576867,False,
global,8,service_irc,121475,0,0.021082527268985386,0.14365950825802615,0.0,1.0,0.9789174727310146,False,
global,9,service_ssh,121475,0,0.05299032722782466,0.22401417912291338,0.0,1.0,0.9470096727721753,False,
global,10,service_other,121475,0,0.8950483638608767,0.3064910931998585,0.0,1.0,0.10495163613912328,False,
global,11,conn_state_OTH,121475,0,0.12000823214653221,0.32497116235690243,0.0,1.0,0.8799917678534678,False,
global,12,conn_state_REJ,121475,0,0.05276805927145503,0.22357010352947293,0.0,1.0,0.947231940728545,False,
global,13,conn_state_RSTO,121475,0,0.0052521094875488785,0.07228087460372679,0.0,1.0,0.9947478905124512,False,
global,14,conn_state_RSTOS0,121475,0,7.408931878987446e-05,0.008607196382255707,0.0,1.0,0.9999259106812102,False,
global,15,conn_state_RSTR,121475,0,0.002321465322082733,0.04812562852411487,0.0,1.0,0.9976785346779172,False,
global,16,conn_state_RSTRH,121475,0,6.585717225766618e-05,0.008114975975967423,0.0,1.0,0.9999341428277423,False,
global,17,conn_state_S0,121475,0,0.6966536324346574,0.4597035445265293,0.0,1.0,0.30334636756534267,False,
global,18,conn_state_S1,121475,0,0.0007408931878987446,0.02720926800159956,0.0,1.0,0.9992591068121013,False,
global,19,conn_state_S2,121475,0,0.0008973039720107018,0.029941590097930928,0.0,1.0,0.9991026960279893,False,
global,20,conn_state_S3,121475,0,0.013039720107017904,0.1134446376280013,0.0,1.0,0.9869602798929821,False,
global,21,conn_state_SF,121475,0,0.10671331549701585,0.3087484150447581,0.0,1.0,0.8932866845029842,False,
global,22,conn_state_SH,121475,0,0.0013912327639431983,0.03727327776490457,0.0,1.0,0.9986087672360568,False,
global,23,conn_state_SHR,121475,0,7.408931878987446e-05,0.008607196382255707,0.0,1.0,0.9999259106812102,False,
global,24,history_n_s,121475,0,0.0,0.0,0.0,0.0,1.0,True,
global,25,history_n_S,121475,0,0.6865857172257667,0.4638812026018582,0.0,1.0,0.3134142827742334,False,
global,26,history_n_h,121475,0,0.08625643136447829,0.2807423363384,0.0,1.0,0.9137435686355218,False,
global,27,history_n_H,121475,0,8.232146532208273e-06,0.002869159940465457,0.0,1.0,0.9999917678534678,False,
global,28,history_n_a,121475,0,0.07913562461411813,0.2699503241914177,0.0,1.0,0.9208643753858818,False,
global,29,history_n_A,121475,0,0.0822967688824861,0.27481632177508813,0.0,1.0,0.9177032311175138,False,
global,30,history_n_d,121475,0,0.1213912327639432,0.3265813855258646,0.0,1.0,0.8786087672360569,False,
global,31,history_n_D,121475,0,0.2724264251903684,0.44520811768022034,0.0,1.0,0.7275735748096316,False,
global,32,history_n_f,121475,0,0.07816423132331755,0.26842984980242507,0.0,1.0,0.9218357686766825,False,
global,33,history_n_F,121475,0,0.06749536941757563,0.2508779474660151,0.0,1.0,0.9325046305824244,False,
global,34,history_n_r,121475,0,0.055855114221033134,0.2301430436474027,0.0,2.0,0.9442601358304178,False,
global,35,history_n_R,121475,0,0.011804898127186663,0.13834858712194542,0.0,3.0,0.9914797283391644,False,
global,36,history_n_c,121475,0,0.000271660835562873,0.016479897935160106,0.0,1.0,0.9997283391644372,False,
global,37,history_n_C,121475,0,0.08222267956369624,0.27551160854272755,0.0,4.0,0.9178925704877546,False,
global,38,history_n_g,121475,0,0.0,0.0,0.0,0.0,1.0,True,
global,39,history_n_G,121475,0,0.0,0.0,0.0,0.0,1.0,True,
global,40,history_n_t,121475,0,0.0020333401934554433,0.047536363176151314,0.0,3.0,0.9980736777114633,False,
global,41,history_n_T,121475,0,0.0001893393702407903,0.014907451390915224,0.0,2.0,0.9998271249228237,False,
global,42,history_n_w,121475,0,0.001506482815394114,0.03962411509647506,0.0,2.0,0.9985264457707347,False,
global,43,history_n_W,121475,0,0.0,0.0,0.0,0.0,1.0,True,
global,44,duration_scaled,121475,0,0.000697148908962818,1.00044150988292,-0.5320997834205627,11.063961029052734,0.0,False,
global,45,orig_bytes_scaled,121475,0,-0.0003642820870343931,1.0002559708573862,-0.43818697333335876,8.463321685791016,0.0,False,
global,46,resp_bytes_scaled,121475,0,-0.0008132248901000948,0.9992123237028486,-0.35859110951423645,7.648918151855469,0.0,False,
global,47,missed_bytes_scaled,121475,0,0.0012974921080936839,1.029211350444401,-0.02539154328405857,47.65139389038086,0.0,False,
global,48,orig_pkts_scaled,121475,0,0.0016990602359920894,1.004254423117755,-1.463209629058838,14.390351295471191,0.0,False,
global,49,orig_ip_bytes_scaled,121475,0,0.0010877367720332968,1.0010309232345336,-2.6205437183380127,8.889530181884766,0.0,False,
global,50,resp_pkts_scaled,121475,0,4.437072234380439e-05,1.0009452961668206,-0.3873482644557953,13.579170227050781,0.0,False,
global,51,resp_ip_bytes_scaled,121475,0,-0.0010340353794415858,0.9995868191371527,-0.4456983804702759,6.698023319244385,0.0,False,
global,52,duration_missing,121475,0,0.6357933731220415,0.48120698230193837,0.0,1.0,0.3642066268779584,False,0.6357933731220415
global,53,orig_bytes_missing,121475,0,0.6357933731220415,0.48120698230193837,0.0,1.0,0.3642066268779584,False,0.6357933731220415
global,54,resp_bytes_missing,121475,0,0.6357933731220415,0.48120698230193837,0.0,1.0,0.3642066268779584,False,0.6357933731220415
